1,contenttypes,0001_initial,2020-11-05 15:21:43.877136
2,auth,0001_initial,2020-11-05 15:21:43.990945
3,admin,0001_initial,2020-11-05 15:21:44.144800
4,admin,0002_logentry_remove_auto_add,2020-11-05 15:21:44.263589
5,admin,0003_logentry_add_action_flag_choices,2020-11-05 15:21:44.372160
6,contenttypes,0002_remove_content_type_name,2020-11-05 15:21:44.509775
7,auth,0002_alter_permission_name_max_length,2020-11-05 15:21:44.631428
8,auth,0003_alter_user_email_max_length,2020-11-05 15:21:44.755637
9,auth,0004_alter_user_username_opts,2020-11-05 15:21:44.885651
10,auth,0005_alter_user_last_login_null,2020-11-05 15:21:45.014756
11,auth,0006_require_contenttypes_0002,2020-11-05 15:21:45.112926
12,auth,0007_alter_validators_add_error_messages,2020-11-05 15:21:45.242432
13,auth,0008_alter_user_username_max_length,2020-11-05 15:21:45.373025
14,auth,0009_alter_user_last_name_max_length,2020-11-05 15:21:45.480917
15,auth,0010_alter_group_name_max_length,2020-11-05 15:21:45.588119
16,auth,0011_update_proxy_permissions,2020-11-05 15:21:45.708569
17,auth,0012_alter_user_first_name_max_length,2020-11-05 15:21:45.813406
18,news,0001_initial,2020-11-05 15:21:45.932700
19,sessions,0001_initial,2020-11-05 15:21:46.045580
20,news,0002_auto_20210429_1600,2021-04-29 13:00:52.375572
21,news,0003_auto_20210501_1029,2021-05-01 07:29:51.236345
22,news,0004_auto_20210501_1100,2021-05-01 08:01:06.553346
23,news,0005_auto_20210502_1744,2021-05-02 14:44:49.856738
